,Generated Text,Actual Text
0,"శాస్త్రి తన తోటను పర్యావరణ పరిరక్షణకు చిరునామాగా మార్చాడు. అతని పక్కింటి వారు తన ఇంటిని కార్పొరేట్ కంపెనీకి అమ్మేశారు. ఆ కంపెనీ వారు పెద్ద భవనం కట్టాలని నిర్ణయించారు. అప్పుడు శాస్త్రి ప్రజలను మేల్కొలిపి, చెట్లను నరికేందుకు ప్రयత్నించారు. పోలీసులతో కలిసి తోటను కాపాడుకున్నాడు. అతని ప్రయత్నాల తర్వాత శాస్త్రి తోట ప్రజా ఉద్యానవనంగా మారింది. అతని కృషికి ప్రభుత్వం గుర్తింపునిచ్చింది. గ్రామస్థులు అతన్ని మద్దతుగా నిలబడ్డారు. కంపెనీ వారిని పోలీసులకు అప్పగించారు. శాస్త్రి చేసిన మంచి పనులకు నిరంతరం నిరంతరం ఖర్చు చేశాడు.ప్రభుత్వం అతన్ని నియమించింది.శాస్త్రి ఇతరులతో పాటు తోటలను పర్యటనలు చేయడంలో శాస్త్రి కీలకపాత్ర పోషించింది.","వృద్ధుడైన శాస్త్రి తన విలువైన తోటను కాపాడటం కోసం అనేక ఒత్తిళ్లను ఎదుర్కొన్నాడు. కార్పొరేట్ కంపెనీ నుండి వచ్చిన డబ్బులకు ఆశపడకుండా, తన పచ్చని తోటను రక్షించుకున్నాడు. దుండగుల దాడిని గ్రామస్థుల సహాయంతో ఎదుర్కొన్నాడు. తన వ్యక్తిగత తోటను ప్రజా ఉద్యానవనంగా మార్చి, పర్యావరణ పరిరక్షణపై అవగాహన కల్పించాడు. ఒక వ్యక్తి పట్టుదల వల్ల మొత్తం సమాజంలో పర్యావరణ పరిరక్షణపై అవగాహన పెరిగింది."
1,"రాజు తన చిన్న తొండంతో అడవిలో హీరో అయ్యాడు. అతను తన స్నేహితులను వదిలి వెళ్లి, ఒక పెద్ద పుిని చూశాడు. పులి భయంతో పారిపోగా, అతను ధైర్యంగా ఒక రేకల ఏనుగును చూసి ఆశ్చర్యపోయాడు. ఆ తర్వాత రాజు తన ప్రవర్తన మార్చుకున్నాడు. తన చిన్నప్పటి అనుభవాలను మరచిపోలేదు. అతను చిన్న పనులు చేయడంలో నిపుణుడయ్యాడు. ఇతర ఏనుగులకు నేర్పించే వాటి నుండి రితలతో అలంకరించుకోవడం, నీళ్లతో నీటిని తీయడం నేర్చుకున్నాడు. ఈ అనుభవం రాజుకు మార్గదర్శకత్వంలో ఉన్నది. రాజు చిన్నప్పటి నుండి వింతమైన జంతువులను కాపాడగలిగే వ్యక్తిగా మారాడు. అతని తొండం కూడా చిన్నదైనా పెరిగింది. చివరికి, రాజు తన స్వభావాన్ని సృజనాత్మకంగా ఉపయోగించి, తన చిన్న దృఢ సంకల్పంతో మారాడు.","రేకల ఏనుగు రాజు కథ ఒక అసాధారణ ఏనుగు పిల్ల గురించి చెబుతుంది. రాజు తన చిన్న తొండం వల్ల ఇబ్బంది పడేవాడు, కానీ ఒక కష్ట సమయంలో అతను తన లోపాన్ని అనుకూలంగా మార్చుకున్నాడు. చెట్ల రేకలను ఉపయోగించి తనను తాను రేకల ఏనుగుగా మార్చుకొని, పులిని భయపెట్టి పారదోలాడు. ఈ అనుభవం రాజుకు తన ప్రత్యేకతను గుర్తించడంలో సహాయపడింది. అతను తన చిన్న తొండాన్ని సృజనాత్మకంగా ఉపయోగించడం నేర్చుకున్నాడు. పెద్దవాడైన తర్వాత, రాజు ఇతర చిన్న ఏనుగులకు తమ బలహీనతలను బలాలుగా మార్చుకోవడం నే"
2,"చురుకుదనం మరియు అహంకారంతో ఉండే చిట్టి ఒకప్పుడు మాయా చెట్టు దగ్గరకు వెళ్ళింది. తన స్నేహితులతో కలిసి, తన పరిమితులను గుర్తించి, సహాయానికి ఒక ఏనుగును పిలిచింది. ఈ అనుభవం చిట్టి జీవితంలో ఒక ప్రత్యేక స్థానాన్ని సంపాదించింది. చిట్టి మరియు దాని స్నేహితులు ఒకరినొకరిని గౌరవించడం, సహాయపడటం మరియు ప్రేమించడం నేర్చుకున్నారు. కాలక్రమేణా, చిట్టి పెద్దైది మరియు పిల్లలకు కూడా సహాయం ప్రాముఖ్యతను నేర్పింది. వారి జీవితాలలో సంతోషంగా జీవించడం, సహాయం మరియు సహాయం ద్వారా ఒకరికొకరు గౌరవించారు. ఒకరినొకరికి సహాయపడడం, సహాయం చేయడం మరియు సహజీవనం ద్వారా వారి శక్తులను అంచనా వేయడం నేర్చుకుంది. చిట్టి తన తప్పును గ్రహించి, మంచిగా ప్రవర్తించడం మొదలుపెట్టింది.","చిట్టి అనే అహంకారపూరిత చిన్న ఉడుత ఒక పెద్ద మాయా చెట్టును ఎక్కడానికి నిర్ణయించుకుంది. చెట్టు ఎక్కుతున్నప్పుడు, అది చాలా పైకి వెళ్ళి కిందకి దిగలేక భయపడింది. చిట్టి స్నేహితులు సహాయానికి ఒక పెద్ద ఏనుగును పిలిచారు. ఏనుగు చిట్టిని రక్షించి, దానికి స్వీయ-అవగాహన గురించి ఒక ముఖ్యమైన పాఠం నేర్పింది. చిట్టి తన తప్పును గుర్తించి, స్నేహితులతో క్షమాపణ చెప్పింది. ఈ అనుభవం తర్వాత, చిట్టి తన ప్రవర్తనను మార్చుకుని మెరుగైన స్నేహితురాలిగా మారింది. కాలక్రమేణా,"
3,"మంచి స్నేహితులయ్యారు. ఒక రోజు, రాణి తన యజమాని పొలం నుండి తప్పించుకుని ఒక అడవిలోకి వెళ్ళింది. అక్కడ కుందేలును కలిసి, ఏనుగు భయపడింది, కానీ పిట్ట బాధపడింది. రాణి తన స్నేహితురాలిని సత్కరించింది. పిట్ట నవ్వి, తన మాటలను చెప్పింది. ఇద్దరూ కలిసి అడవిలో సంతోషంగా గడిపేవారు. వారి స్నేహం మరియు ప్రేమతో రాణి సంతోషంగా జీవించారు. ఈ అనుభవం తర్వాత రాణి తన ప్రసిద్ధి చెందిన గుర్రం కథలు పాడేవారు, కథలు చెప్పుకునేవారు. ఒకరోజు, రాముని యజమాని అడవిలోకి ప్రవేశించి పిట్టతో కలిసి గ్రామస్తుల జీవితాలు మెరుగుపడుతూ ఉండేవి. అప్పటి నుండి రాణి చిన్నగా ఉండేది, కానీ తన స్వభావం మరియు పరిమాణం గురించి తెలుసుకుంది. రాణి కథ చెప్పడం, స్నేహం యొక్క ప్రాముఖ్యతను నిరూపించింది. ఇతర పిల్లలకు కూడా స్నేహితురాలిగా మారడం మొదలుపెట్టింది. ఈ సంఘటన ద్వారా రాణి తన మాయాశక్తిని ఉపయోగించి స్వయంకృషిత్వంలోని కలసికట్టు పెరిగింది. అడవిలోని ప్రజలతో కలిసి మాట్లాడేవారు. భిన్నత్వంలో అడవిలోని వారి స్నేహితులు మారిపోయారు.","రాణి అనే ఒంటరి గుర్రం తన యజమాని నుండి తప్పించుకుని అడవిలోకి వెళ్ళింది. అక్కడ అనేక జంతువులను కలిసినా, స్నేహం చేయలేకపోయింది. నిరాశతో ఉన్న రాణిని ఒక చిన్న పిట్ట కలిసి, స్నేహానికి పరిమాణం కాదు మనసు ముఖ్యమని చెప్పింది. వారిద్దరూ మంచి స్నేహితులయ్యారు. కొంతకాలం తర్వాత, రాణి యజమాని అడవిలోకి వచ్చి రాణిని వెతకసాగాడు. రాణి వెళ్ళిపోవాలని నిర్ణయించుకున్నా, పిట్టను వదిలి వెళ్ళడానికి ఇష్టపడలేదు. పిట్ట రాణిని తన యజమాని వద్దకు వెళ్ళమని ప్రోత్సహించి, ప్రతిరోజూ"
4,"రాజు తన తెలివితేటలతో విజయపురం రాజ్యాన్ని ఏర్పాటు చేశాడు. ఆ రాజ్యంలో ఇద్దరు రైతుల పంటలకు సంబంధించిన వివాదాన్ని పరిష్కరించడానికి రాజు శ్రమించాడు. రైతులను కోర్టులో సమర్పించుకుని, పొలాలను పరికించి, రెండో రైతుకు విత్తనాలు వేసి నిజమైన పంట యజమాని ఎవరో నిర్ధారించాడు. ఈ సంఘటన తర్వాత, రాజు ప్రజలకు మరింత ప్రేమగా మారాడు. పేదలకు పంటలు ఇవ్వమని హెచ్చరించి, తప్పుడు పథకాలు చేపట్టలేదు. రాజు తీసుకున్న ఈ న్యాయ నిర్ణయం ప్రజలకు ఆదర్శంగా నిలిచాడు. ఆ చర్య వల్ల, రాజు తన సైనికులను పంపించి రైతుల పొలాలను పరిశీలించాడు. మొదటి రైతు తన పొలంలో విత్తనాలను వేసి, రెండు రైతులకు పంటను అందించి, వారిని ప్రత్యామ్నాయ పద్ధతులు అనుసరించాలని సూచన ఇచ్చాడు. ఆయన తీసుకున్న న్యాయ నిర్ణయం చూసి ప్రజలు ఆయన తెలివి, ధైర్యం, సహకారంతో ప్రశంసలు అందుకుంటుంది. ఆయన కేవలం పశువు కాదని, సాగు చేయడం ద్వారా మంచి పంట పండించగలిగే స్వభావం ఉన్నాడని తెలుసుకున్నాడు. రైతులు తన సైన్యాన్ని ఉపయోగించి, వారిని ఒప్పుకుని న్యాయం చేసినా, ఆయన న్యాయం ఫలించి, వారి పట్ల అసభ్యకరించాడు. చివరికి,","విజయపురానికి ధీరసింహ అనే రాజు ఉండేవాడు, అతను తన న్యాయమైన తీర్పుల వల్ల ప్రసిద్ధుడయ్యాడు. ఒక రోజు, ఇద్దరు రైతుల మధ్య పంట వివాదం రాగా, రాజు తెలివితో ఆ వివాదాన్ని తీర్చాడు. రైతుల పొలాలను పరిశీలించి, నిజమైన యజమాని ఎవరో నిర్ధారించి, పంటను నిజమైన రైతుకు అప్పగించాడు. తరువాత, ఒక పేద రైతు బిడ్డ ఆకలితో ఉన్నప్పుడు, రాజు తన భోజనాన్ని పంపి, ఆ కుటుంబానికి సహాయం చేశాడు. ధీరసింహ రాజు ఎల్లప్పుడూ తన ప్రజల కష్టాలను తీర్చడానికి ముందుండేవాడు"
5,"వారు ఒక చిన్న గ్రామంలో పాత ఆలయాన్ని పరిశీలించాలనుకుంటున్నారు. ఒక రాత్రి, చంద్రుడి వెలుగులో వారు పెద్ద ప్రవేశద్వారం కనుగొన్నారు, అక్కడ మాయగాడు ఎదురైనప్పుడు, వారు ధైర్యంగా వారిని రహస్య స్థలానికి తీసుకువెళ్లారు. ఈ అనుభవం వారిని మరువలేనిదిగా భావించి, గ్రామానికి చేరుకున్నారు. వారి స్నేహితులకు ఈ కథ చెప్పి, మరింత రహస్యాలను తెలుసుకోవాలని నిర్ణయించారు. గ్రామస్తులు ఈ నిర్ణయాన్ని తీసుకున్నా, తమ గ్రామానికి చేరుకున్న తర్వాత, వారు మాయగాడిని కలుసుకున్నారు. మరో కథ చెప్పడం, మాయగాడి వారికి శక్తిని ఇవ్వడం, ఇతర పనుల కోసం కూడా వాడాలనుకున్నారని చెప్పారు. వీరి ప్రయాణంలో వారు అద్భుతమైన మాయలను, జాదుగాళ్లతో కలిసి మాయగాడికి మంచి పనులు చేయడం గురించి తెలుసుకున్నారు.","ఒక పాత ఆలయం గ్రామస్థులకు భయాన్ని కలిగించేది. నరేష్, మాలతి, మరియు సూర్య అక్కడి రహస్యాలను తెలుసుకోవాలని నిర్ణయించుకున్నారు. వారు ఆలయంలోకి వెళ్లి మాయగాడిని కలుసుకున్నారు. మాయగాడు వారికి మాయల గురించి వివరించి, శక్తిని ఎలా ఉపయోగించాలో చెప్పాడు. ఈ అనుభవం వారు మర్చిపోలేని విధంగా మారింది. గ్రామంలో చేరిన తర్వాత, వారు తమ కథను పంచుకున్నారు. మరోసారి మరింత రహస్యాలను తెలుసుకోవాలని వారు నిర్ణయించుకున్నారు."
6,"ధీరజ్ ఒక చిన్న ఊరిలో చురుకైన బాలుడిగా జీవించేవాడు. అతనికి ఒక వింత అలవాటు ఉండేది, రాత్రి పడుకోవడానికి ముందు చంద్రుడిని చూడకపోతే నిద్ర పట్టేది కాదు. ఒక రాత్రి, ధీరజ్ తన కోట మేడపైకి వెళ్లి, ఆకాశంలో చంద్రుని మెరిసే కాంతిని చూసేవాడు. ఆ కాంతిని కప్పే వ్యక్తిగా కనిపించి, చంద్రుని వెతికే ప్రయాణానికి బయలుదేలుడు. కవి ఇచ్చిన ఒక కలతో ధీరజ్ మరియు కవి వారు వివిధ ఊర్లకు చేరుకున్నారు. వారి ప్రయాణాలను ఎలా చూసాలో తెలుసుకున్నారు. ఒక రోజు, వారు ఒక యోగిని కలుసుకున్నారు, కానీ చంద్రుని కల ద్వారా తెలుసుకున్నారు. వారు ఒక వింత ఆలోచన తో బయటపడ్డారు, కానీ తిరిగి రాత్రి పడుకునేప్పుడు, చంద్రుడు కనిపించేవాడు కాదు. ఆ కల ధీరజ్ మనసులోనే ఉందని తెలుసుకున్నాడు. యోగిని కలసి, తనకు మార్గం చూపించే అవకాశం వచ్చింది. ధీరజ్ ఇంకా చంద్రుని గురించి ఆలోచించసాగాడు. ఆ ప్రయాణంలో ధీరజ్ కల నిజం తెలుసుకున్నాడు. కానీ ధీరజ్ అసలు నిజం తెలుసుకుని స్వస్థలానికి చేరుకున్నాడు. రాత్రి పడుకోవడం మొదలుపెట్టాడు, ఆ తర్వాత ధీరజ్ తిరిగి వెళ్లే వ్యక్తిగా మారాడు.","ధీరజ్ అనే చిన్నవాడు ప్రతిరోజు రాత్రి చంద్రుణ్ని చూడకపోతే నిద్రపట్టేది కాదు. ఒక రోజు చంద్రుడు కనిపించకుండా పోవడంతో ధీరజ్ కలలో తేజస్వి వ్యక్తి తాను ప్రయాణంలో ఉన్నాడని చెప్పాడు. ధీరజ్ తన స్నేహితుడు కవితో కలసి చంద్రుణ్ని వెతకడానికి పెద్ద ప్రయాణం మొదలుపెట్టాడు. వారు అడవులు, కొండలు దాటి చాల ఊర్లకు వెళ్ళినా చంద్రుడి ఆచూకీ దొరకలేదు. చివరికి ఒక యోగి ధీరజ్ కి చంద్రుడు అతని మనసులోనే ఉన్నాడని తెలిపాడు. తిరిగి తన ఊరికీ వచ్చిన ధీరజ్ ఈ విషయం అర్థం చేసుకున్నాడు. ఆ"
7,"మిథిలా తన నల్లగా ఉన్న శరీరాన్ని చూసి ఇతర జంతువులను ఆశ్చర్యపరిచింది. ఒక రోజు, అడవిలో జరిగే ఉత్సవంలో అందరినీ ఆహ్వానిస్తూ, ఆమె తన స్నేహితులతో కలిసి పాల్గొంది. జంతువులు తమ నృత్యాలు మరియు పాటలు ప్రదర్శించాయి. కానీ మిథిలా అసలు నిజాయితీగా నాటకం చేయడం మొదలుపెట్టింది. జింక మోకాలు నొప్పి అవుతున్నప్పుడు, మిధిలా తన సాహసాన్ని చూపించాలని నిర్ణయించింది. ఇతర జంతువులు ఆమె ప్రతి ప్రయత్నాన్ని కొనసాగించాలని భావించినప్పటికీ, మిథిలా ధైర్యంగా నాటకం నడిపించి, స్నేహితుల మద్దతుతో సమర్థంగా పనిచేసింది. నాటకంలో పాల్గొనడాన్ని చూసి, జంతువులందరూ ఆశ్చర్యపోయారు. మిథిలా ఈ సూత్రాలను ఉల్లంఘించింది. నాటకం ఫలితంగా, ఆ","నల్లగా ఉన్న మిథిలా అనే ఏనుగు తన నల్లని రంగుకు బాధపడుతూ, ఆ అడవిలో ఉత్సవంలో పాల్గొనేందుకు తన స్నేహితులతో సహాయపడుతుంది. తన నల్లని శరీరాన్ని మరచి, నాటకాన్ని విజయవంతంగా నిర్వహిస్తుంది. ఇతర జంతువులు ఆమెను అభినందించి, స్నేహితుల మద్దతుతో, మిథిలా తన ప్రతిభను కనుగొంది. ఆమె ఎలాంటి రంగులో ఉన్నా, మనసులో మంచి గుణాలు ఉండాలని గుర్తించింది. ఆమె అందరి మనస్సుల్లో ఒక ముఖ్యమైన స్థానాన్ని పొందింది"
8,"గత కొద్ది రోజులుగా అడవిలోని చిట్టి అనే చిన్న పిట్ట తన స్నేహితులను ఓదార్చింది. గుడ్లగూబ సలహా మేరకు చిట్టి మరుసటి రోజు మిగతా పక్షులతో స్నేహం చేయడానికి ప్రయత్నించింది. మొదట చిట్టి తన బాధను అడిగినా, తనతో ఎవరూ ఆడుకోవాలని సూచించింది. గుడ్లులగూబ నవ్వి, స్నేహాన్ని రూపం కాదు, మనసు ముఖ్యమని హెచ్చరించింది. అగ్ని ప్రమాదం వచ్చినప్పుడు, చిట్టి ధైర్యంగా పెద్ద చెట్టు కింద చిక్కుకున్న పక్షుల పిల్లలను కాపాడింది. దాని స్నేహితులు నీళ్లతో చెట్టుపై తల దాచుకునేవారు. వర్షంలో వారు ఒకరినొకరిని వెచ్చగా చేసుకుని మంటలను ఆర్పారు. భయం వచ్చినప్పుడు కూడా చిట్టితో స్నేహం చేశారు. స్నేహితులందరూ కలిసి చెట్టుకు తల దాచుకున్నారు. చెట్లు కింద తల దాచుకుంటూ, వారు ఒకరికొకరు తోడుగా ఉండేవారు. భద్రతా బలంతో అడవిలోని పక్షులు వారికి సహాయం చేస్తూ సంతోషంగా జీవించారు. వారి స్నేహితులే చిట్టిని స్నేహితులుగా భావించి, వారికి స్నేహితురాలు కావడం మొదలుపెట్టారు. చిట్టి ఎప్పుడూ స్నేహితంగా జీవించడం మొదలుపెట్టింది. ఐకమత్యంతో పటిష్టంగా స్నేహం చేసి, సురక్షితంగా చెట్టుకు చేరుకున్న పక్షులను రక్షించారు. అగ్నిప్రమాదం సమయంలో అందరూ కలిసి ఆడుతూ, స్నేహం చేసేవారు. స్నేహిటీలతో పాటలు పాడేవారు. వరద సమయంలో వారు తమ ఆహారాన్ని పంచుకునేవారు. చెట్టుకు వెళ్లి పక్షులు వస్తూ వారు ఒకేలా జీవించారు. భిన్నత్వంలో","బంగారు రంగు ఈకలు కలిగిన చిట్టి అనే చిన్న పిట్ట ఒంటరిగా జీవించేది. ఒక ముసలి గుడ్లగూబ సలహాతో చిట్టి ఇతర పక్షులతో స్నేహం చేయడం ప్రారంభించింది. మొదట కాకి పిల్లతో స్నేహం చేసి, క్రమంగా చిలుకలు, గువ్వలతో కూడా స్నేహం పెంచుకుంది. అడవిలో జరిగిన అగ్ని ప్రమాదం సమయంలో చిట్టి తన స్నేహితులతో కలిసి అనేక పక్షుల ప్రాణాలను కాపాడింది. ఈ సాహసం వల్ల అడవిలోని పక్షులన్నీ చిట్టిని తమ నాయకురాలిగా ఎంచుకున్నాయి. చిట్టి నాయకత్వంలో అడవిలోని పక్ష"
9,"రాణి తన తాతగారితో కలిసి అడవిలో చిన్న నడక కోసం వెళ్తుండేది. ఆమె తన జోలెలో నీళ్లు, పండ్లు తీసుకుని అడవిలోకి బయలుదేరింది. దారిలో కుందేలు గాయపడిన రాణిని చూసి ఆమెకు సహాయం చేయడం ప్రారంభించింది. నెమలి సహాయంతో రాణి తన ప్రతిపాదన మార్చుకుంది. అడవిలో ఎత్తైన ప్రదేశాలకు తీసుకెళ్లడానికి వెళ్లి, మూలికలను సేకరించింది. రాణి తన వెన్నుపై కూర్చొని ఒక ఏనుగుకు తీసుకెళ్లింది. ఇది రాణి ఇంటి వరకు చేరుకున్న రాణి. ఈ ప్రయాణంలో అక్కడ నలుగురు కుందేలు, నెమలి, మరియు ఏనుగు ఉన్నాయి. రాణి తాతగారి మాటల ద్వారా అడవిలోని జంతువుల గురించి తెలుసుకుంది. తాతగారు అడవిలోని మూలికల గురించి తెలుసుకోగానే ఆమె ధైర్యం చేసింది. తన జాగ్రత్త, తుపాకీతో రాణిని రక్షించింది. దీంతో ఆమె ఒక పెద్ద ఏనుగుకు సహాయం చేసింది. ఈ సంఘటన తర్వాత, రాణి తన ఊహాశక్తిని ఉపయోగించి అడవికి చేరుకుంది. అక్కడి ప్రజలకు కూడా మూలికలు కావాలని రాణి కోరుకున్నారు. మూలికలను జాగ్రత్తగా సేకరించి, తాతగారి శక్తిని తెలియజేస్తుంది. రాణి తిరిగి వచ్చే దారిలో ఒక ఏనుగు కనిపించి, రాణి ఇంటికి వచ్చి చాలా మందికి సహాయం చేస్తూ భూమిపై వర్షంగా నీరు తీసుకొని, అడవిని కాపాడింది. ఈ చర్యలతో రాణి మరింత దూర ప్రాంతాలకు వెళ్లి, అక్కడ వారు ఎదుర్కొనాలని నిశ్చయించారు. రాణి బీబీసీ ప్రతినిధితో మాట్లాడి, అడవిలోని వివిధ అడ్డంకులను వదిలిపెట్టింది. దారిలో ఆమెకు ఒక పెద్ద ఏనుగు",అడవి అంచున నివసించే రాణి అనే బాలిక తన అనారోగ్యంతో ఉన్న తాతగారి కోసం ఔషధ మూలికల కోసం ఒంటరిగా అడవిలోకి ప్రయాణిస్తుంది. మార్గమధ్యంలో ఆమెకు గాయపడిన కుందేలు ఎదురవుతుంది. రాణి దాని గాయానికి కట్టు కడుతుంది. తరువాత ఆమెకు ఎదురైన నెమలి తన వీపుపై కూర్చోబెట్టుకుని మూలికలు దొరికే ప్రదేశానికి తీసుకువెళుతుంది. దారిలో కలుసుకున్న దాహంతో ఉన్న ఏనుగుకు నీళ్లిచ్చి సహాయం చేస్తుంది. ఈ మూడు జంతువులు కలిసి రాణిని సురక్షితంగా ఇంటికి చేరుస్తాయి. తాత
10,"నది ఒడ్డున ఉన్న చిన్న గ్రామంలో శివాని అనే చురుకైన అమ్మాయి ఈత నేర్పడం మొదలుపెట్టింది. ఆమె తండ్రి మత్స్యకారుడు, చేపలు పట్టేవాడు. వరద ముంపు ప్రమాదం వచ్చినప్పుడు ధైర్యంగా నదిలోకి దూకింది. పడవలో ఇద్దరు వృద్ధులు భయంతో అరుస్తున్నారు. శివాని తన తెలివితేటలతో పడవను ఒడ్డుకు చేర్చింది. గ్రామస్తులు ఆమెను 'ఈత గురువు' అని పిలిచినా, ఆమె స్నేహం చేసింది. హింసాత్మక స్వభావం ఆమెకు ఎంతో ప్రాముఖ్యతనిచ్చింది. పాఠశాల నుండి తిరిగి వస్తుండగా, వర్షాలు కురిసాయి. గ్రామస్థులు ఆమెను ఓడించారు. ఈ సంఘటన తర్వాత శివాని గ్రామంలో అందరికీ ఈత నేర్పే గురువు అని పేరు పెట్టారు.","గోదావరి నది ఒడ్డున నివసించే శివాని అనే బాలిక తన తండ్రి నుండి నేర్చుకున్న ఈత నైపుణ్యంతో వరద సమయంలో కొట్టుకుపోతున్న పడవలోని వృద్ధ దంపతులను రక్షిస్తుంది. ఈ సంఘటన తరువాత ఆమె గ్రామంలోని పిల్లలకు ఈత నేర్పించడం ప్రారంభిస్తుంది. పాఠశాలలో మంచి విద్యార్థినిగా గుర్తింపు పొందిన శివానికి ఆమె సాహసానికి గాను 'యువ సాహస పురస్కారం' లభిస్తుంది. తన పుట్టినరోజున తండ్రి నుండి బహుమతిగా పొందిన పడవతో ఆమె చేపల వేటకు వెళ్తుంది, పర్యాటకులను నదిలో విహార"
11,"గాయపడిన పిట్టను కాపాడటానికి దేవలోక పిట్ట సహాయం చేశాడు. రాము తన నిస్వార్థ కోరికలను బహిమతిగా, మంజూరు చేసి మూడు వరాలు ఇచ్చింది. ఆ పిట్ట గొంతువులు నిజాయితీగా, నిజమైన గ్రామస్తులందరికీ స్ఫూర్తినిచ్చింది. గ్రామంలో నీటి కొరత తగ్గిపోయి, సుఖసంతోషాలతో జీవించేవాడు. అతని పేరు చుట్టుపక్కల గ్రామాలలో కూడా ప్రసిద్ధి చెందింది.రాము తన స్వార్థం కోసం కాకుండా, అందరి మేలు కోరుకున్నందుకు, గ్రామస్తులందరూ సుఖసాలపై సంతోషంగా జీవించారు. తిరిగి పొలం బాగా పండాలని, గ్రామస్తులతో పాటు గ్రామస్తులకు మంచితనం కావాలని పిట్ట కోరికలు చెప్పాడు. ఈ పిట్టలు నిజాయితీ, సమానత్వం మరియు సమానత్వం ద్వారా స్వార్థాన్ని నింపాయి. గ్రామస్తులు స్వార్థం కోరుకున్నందుకు గుడిసెకు వెళ్లి, పిట్టకు మందు పూసి, బట్టతో సేవ చేయడం మొదలుపెట్టారు. రాత్రిపూట బంగారు రంగులో మెరిసే బంగారు పిట్టను చూశాడు. పిట్ట తన మామూలు పిట్ట కాదని తెలుసుకున్నాడు. ఆ సమయంలో రాము తన మాయాశక్తిని ఉపయోగించి స్వార్థాన్ని సార్థకం చేశాడు. తన గ్రామానికి ఎప్పుడూ నీటికొరత తగ్గి, గ్రామస్తులకు నీటిని అందించి, గ్రామస్థులందరికీ సహాయం చేశారని రాముకు వివరించింది. ఈ కథ తన ఊహాశక్తిని తెలియజేస్తుంది.","రాము అనే పేద రైతు తన సద్భావంతో బంగారు పిట్టను కాపాడాడు. పొలంలో పని చేస్తుండగా గాయపడిన బంగారు పిట్టను చూసి, రాము దానిని జాగ్రత్తగా ఇంటికి తీసుకెళ్ళి, మందు పూసి కంటికి రెప్పలా చూసుకున్నాడు. పిట్ట కొద్ది రోజుల్లో కోలుకుని, తన గమనానికి రాము మంచితనం కారణమని చెప్పింది. పిట్ట తన దేవలోకమైన స్వభావాన్ని తెలియజేసి, రాముకు మూడు వరాలు ఇస్తానని చెప్పింది. రాము తన కోసం కాకుండా, తన గ్రామం కోసం కోరికలు కోరాడు. తన పొలం బాగా పండాలని, గ్రామానికి నీటి"
12,"చల్లి తన స్నేహితులతో కలిసి అడవిలో కొత్త ఆహార వనరుల కోసం వెతికేది. ఒక రోజు అది దూరంగా ఉన్న కొండ వైపు వెళ్తుండేది. అక్కడ అది కనుగొన్న కొత్త ప్రదేశం గురించి వాటికి చెప్పింది. కానీ వంతెన దగ్గర జాగ్రత్తగా నడిపించింది. జంతువులన్నీ కలిసి అక్కడే నివాసం ఏర్పాటు చేసుకున్నాయి. చల్లి ఎప్పుడూ తనొక్కటే తినకుండా, అందరితో పంచుకునేది. అడవిలోని వివిధ ప్రాంతాలను పరిశీలించేది. ఏటా జంతువులు ఆహారం కోసం అటూ ఇటూ తిరుగుతూ ప్రయాణించాయి. ఒకరోజు అది పెద్ద జంతువులను తీసుకెళ్ళింది. కొత్త ప్రదేశాన్ని కనుగొనడానికి చాలా దూరం నడవాలి. దారిలో ఉన్న ప్రమాదకరమైన వంతెనను దాటుతూ, వాటిని దాటుతూ వెళ్తున్నాయి. చల్లి ప్రతిరోజూ అడవిలోని జంతువులకు నివాసం కల్పించి, వాటికి ఆహారం కేటాయించింది. చివరికి అది జంతువులతో కలిసి వాటితో తమ స్నేహితులను పిలిచి, వారికి ఆదర్శంగా నిలిచింది. అక్కడ చల్లి ఆహారం పొందడం మొదలుపెట్టింది. చల్లి తన అనుభవాలను పంచుకుంది. జంతువులంతా సంతోషించాయి. ఎక్కడైనా మంచి ఆహారం దొరికితే, వాటికి సరదాగా మార్గదర్శకత్వంలో చర్యలు తీసుకుంటూ, వాటితో పాటించగలిగే","చల్లి అనే కుందేలు అడవిలో తన స్నేహితులతో కలిసి జీవిస్తుంది. అడవిలో కరువు వచ్చినప్పుడు, చల్లి దూరంగా ఉన్న కొండ వైపు వెళ్లి ఒక సమృద్ధిగా ఉన్న లోయను కనుగొంటుంది. తన స్నేహితులందరినీ అక్కడికి తీసుకెళ్లడానికి ఒక ప్రణాళిక వేస్తుంది. ప్రమాదకరమైన వంతెనను దాటి, చల్లి అన్ని జంతువులను కొత్త ప్రదేశానికి చేరుస్తుంది. అక్కడ అన్ని జంతువులకు సరిపడా స్థలాన్ని కేటాయిస్తుంది. ప్రతిరోజూ అడవిలోని వివిధ ప్రాంతాలను పరిశీలించి, మంచి ఆహారం దొరికితే అందరితో పంచుకుంట"
13,"రాము, గజు అనే కుందేలు మంచి స్నేహితులయ్యారు. ఒక రోజు వారు అడవిలో తిరుగుతుండగా ఒక గాయపడిన ఏనుగు పిల్లను చూసి గజు పట్ల జాలి పడారు. గజు తన తొండంతో రాముని ఎత్తి తన వీపు మీద కూర్చోబెట్టి పులి పిల్లకి ఆహారం తెచ్చి పెట్టారు. పులి పిల్ల కోలుకుంది. వాళ్ళిద్దరూ స్నేహం చేసి ఇద్దరినీ స్నేహితులుగా చేసుకోగలిగారు. ఇద్దరూ కలసి అడవిలో సంతోషంగా జీవించారు. వారి స్నేహం ఇతరులతో పంచుకున్నారు. భిన్నత్వంలో అడవిలోని అందరికీ ఆదర్శంగా నిలిచింది. ఈ సంఘటన తర్వాత వారు ముగ్గురూ విడదీయలేని స్నేహితులు అయ్యారని స్పష్టం చేశారని, బీబీసీ ప్రతినిధి గీతా కథనం ఇచ్చారు. రాము కుందేలు తన తల్లిని కోల్పోకుండా స్వేచ్ఛగా ఉండాలని నిర్ణయించారు. వారు ఐకమత్యంతో స్నేహంగా ఉండడం, స్నేహం మరియు సహాయంతో పులి పిల్లకు ఆహారం కట్టడం, గాయాలు పెరిగాయి. వాళ్ళ స్నేహం విలువైనప్పటికీ, ఇద్దరూ ఒంట","రాము అనే కుందేలు ఒక అడవిలో ఒంటరిగా నివసించేది. ఒకరోజు అది గజు అనే ఒంటరి ఏనుగు పిల్లను కలుసుకుంది. వాళ్ళిద్దరూ మంచి స్నేహితులయ్యారు. తర్వాత వాళ్ళు గాయపడిన పులిపిల్ల రాజుని కలుసుకున్నారు. దానికి సహాయం చేసి, దానితో స్నేహం చేశారు. ముగ్గురూ కలిసి అడవిలో సంతోషంగా గడిపేవారు. ఒకసారి అడవిలో అగ్ని ప్రమాదం జరిగినప్పుడు, వాళ్ళు ముగ్గురూ కలిసి అడవిని కాపాడారు. వాళ్ళ స్నేహం అందరికీ ఆదర్శప్రాయంగా నిలిచింది. వాళ్ళు ఎల్లప్పుడూ ఒక"
14,"తల్లిదండ్రులు చెప్పిన మాట వినకుండా దూరంగా ఎగిరి వెళ్లింది. గాలి బారి నుండి చిలుక తన తప్పు తెలుసుకుని బాధపడింది. గుడ్లగూబ చిలుకను దారి చూపించి తల్లిదండ్ండ్రుల దగ్గరకు చేర్చింది. ఆ రోజు నుంచి చిలుక ఎప్పుడూ తన స్నేహాన్ని కొనసాగించింది. స్నేహం చేసి, తన వల్ల చాలా ముఖ్యమైన విషయాలు నేర్చుకుంది. చిలుక రోజూ తన బాధ్యతలను నిర్వహించుకుంటూ, తన స్నేహితులతో కలిసి జీవించేది. ఇతర పిల్లలకు కూడా అనుమతి ఇచ్చింది. దూరంగా వెళ్లినప్పుడు వారు ఏం చేస్తూ బాగుపడుతూ ఉండేవారు. గాలి తగ్గినా, చిలుక వాటి నుండి విలువైన మాట వినడం మొదలుపెట్టింది. భయంతో చెట్టు కొమ్మను పట్టుకుని స్వేచ్ఛగా ఉండేది. గాలి కాలక్రమేణా గాలి కొనసాగుతూ పెరిగి పెద్ద మార్పులు తీసుకొచ్చింది. చిలుక్ తన చిన్నారి పచ్చని చిలుక. అప్పటి నుండి భయపడకుండా ఎగిరి వెళ్లే స్వభావం నుండి రక్షించింది. చివరికి చిలుక ఎన్నో కొత్త అనుభవాలు పొందింది.","ఒక చిన్నారి చిలుక తన తల్లిదండ్రుల మాట వినకుండా దూరంగా వెళ్లి ప్రమాదంలో పడింది. పెద్ద గాలికి చిక్కుకున్న చిలుకను ఒక మంచి గుడ్లగూబ రక్షించింది. ఆ గుడ్లగూబ చిలుకకు మంచి బుద్ధి చెప్పి, తల్లిదండ్రుల వద్దకు చేర్చింది. చిలుక తన తప్పు తెలుసుకుని, అప్పటి నుండి తల్లిదండ్రుల మాట జాగ్రత్తగా వినేది. గుడ్లగూబతో మంచి స్నేహం చేసి, దాని నుండి చాలా జ్ఞానాన్ని పొందింది. తన అనుభవాన్ని ఇతర స్నేహితులతో పంచుకుని, వారికి కూడా మంచి మార్గం చూపించింది."
15,"రాజు, అతని తాతయ్య ఇద్దరూ ఒక చిన్న గ్రామంలో నివసించేవారు. వారి ఇంటి వెనుక ఉన్న పెద్ద తోటలో రకరకాల చెట్లు, పూలు మొక్కలు పెరిగేవి. ఆ తోటలో మామిడి చెట్టు చాలా ప్రత్యేకమైనది. రాము తన స్నేహితుడి ఆరోగ్యం కోసం కోరిక తీర్చుకున్నాడు. ఆ పండును తినే ముందు అతనికి అర్థం కాలేదు. తాతయ్య ఆ పండు చాలా రుచిగా, రుచికరమైన పండ్లను ఇచ్చింది. ఆ పండు రాము యొక్క మంచి మనసును చూసి గర్వపడ్డాడు. ఆ తర్వాత రాము, అతని స్నేహితుడు రాజుకు ఆదర్శంగా నిలిచాడు. ఆ చెట్టు ఎప్పటికీ మాయా మంగళం గురించి కథలు చెప్పేవాడు. వారి కథలు వారి చెట్టు నుండి తప్పించుకోవడానికి ఎప్పుడూ వెచ్చిస్తారు. రాము ప్రతి సంవత్సరం వేసవి కాలంలో ఆ చెట్టు ప్రత్యేక","ఒక చిన్న గ్రామంలో రాము అనే బాలుడు తన తాతయ్యతో నివసించేవాడు. వారి ఇంటి తోటలో ఒక అద్భుతమైన మామిడి చెట్టు ఉండేది. ఒక రోజు ఆ చెట్టు నుండి బంగారు రంగు మామిడి పండు దొరికింది. తాతయ్య ఆ పండును మాయా మంగళం అని, అది ఒక కోరిక తీర్చగలదని చెప్పాడు. రాము తన స్నేహితుడి ఆరోగ్యం కోసం కోరుకున్నాడు. ఆ కోరిక వెంటనే నెరవేరింది. గ్రామస్థులందరూ రాము మంచితనాన్ని మెచ్చుకున్నారు. రాము, రాజు ఇద్దరూ ఆ అద్భుతమైన పండును తిని ఆనందించారు."
16,"మధు అనే విచిత్రమైన జంతువు అడవిలో నివసించేది. దానికి ఏనుగు తొండం, సింహం జుట్టు, చిరుత చర్మం, కంగారూ కాళ్లు ఉండేవి. అన్ని జంతువులు దానితో స్నేహం చేశాయి. ఒకరోజు కుందేలు పిల్లతో కలిసి దానిని ఇంటి దగ్గర దించింది. కుందేలు తల్లి కృతజ్ఞతలు చెప్పి, మధును మాయా వీరుడుగా పిలవటం మొదలుపెట్టింది. మధు తన స్నేహం అందరికీ ఆదర్శంగా నిలిచింది. అప్పటి నుండి మధు ప్రసిద్ధి చెందిన జంతువుగా మారింది. అడవిలో మంట చెలరేగినప్పుడు స్వభావం మధుకు గుర్తు లభించింది. జంతువులందరూ దాన్ని చూసి భయపడి పారిపోయేవి. మధు ఎప్పుడూ తన స్నేహితులతో స్నేహం చేసి, ఇతర జంతువులను రక్షించింది. ఇద్దరూ రోజూ మధుతో ఆడుకునేవి. అడవికి సహాయం చేస్తూ అందరికీ సహాయం చేసేది.","మధు అనే విచిత్రమైన జంతువు ఏనుగు తొండం, సింహం జుట్టు, చిరుత చర్మం, కంగారూ కాళ్ళతో ఉండేది. మొదట్లో జంతువులు దాన్ని చూసి భయపడేవి. ఒక కుందేలు పిల్లకు సహాయం చేసిన తర్వాత అన్ని జంతువులతో స్నేహం అయ్యింది. అడవిలో మంట వచ్చినప్పుడు తన ప్రత్యేక అవయవాలతో అద్భుతంగా అన్ని జంతువులను కాపాడింది. దీంతో దానికి ""మాయా వీరుడు"" అనే పేరు వచ్చింది. చిన్న జంతువులకు మంచి విషయాలు నేర్పించేది. ప్రతి సంవత్సరం దాని పుట్టినరోజును"
17,"ముసలి చేప తన తెలివితేటలతో సముద్ర తీరంలో జీవించే ఒక చిన్న కొంగను చూసింది. ఆ కొంగ తన ఆకలి కష్టాలను అధిగమించి, తన స్నేహితుడిలా ఉండాలని సూచించింది. కొంగ తన తెలివితో సముద్రంలో దాగడం మొదలుపెట్టింది. ఆ సమయంలో కొంగ తన కుటుంబంతో కలిసి సముద్రానికి చేరుకుంది. మిగతా చేపలతో కలిసి, తన జీవనాన్ని మార్చుకుంది. మోసం చేయడం కంటే సహజంగా జీవించడం గొప్పదని తెలుసుకుంది. ఆ పరిస్థితిలో, కొంగ తన పొరపాటును గుర్తించి, తన జాగ్రత్తలను ఉపయోగించి, తన మంచితనాన్ని మార్చుకుంది. తన తప్పు తెలుసుకుని, తన తప్పు తెలుసుకుంది. ఇది కొంగకు ఒక గొప్ప భోజనం అయిన స్నేహితుని కావాలని చెప్పింది. కొంగ ప్రతిరోజూ సముద్రపు పక్కన చేపలను పట్టుకునేది. ఆ చేపలకు స్నేహితురాలు కూడా ఉండేది.","కొంగ, ముసలి చేప మధ్య జరిగిన సంఘటన తెలివితేటలు, పద్ధతుల గాఢతను చూపించింది. ముసలి చేప తన జ్ఞానంతో కొంగను మోసం చేయకుండా దూరంగా నడిపించి, తనను రక్షించుకుంది. కొంగ తన భాష, ప్రవర్తనలో మార్పు తెచ్చుకుంది. చేపల తెలివితేటలను గౌరవిస్తూ, సహజ స్నేహాన్ని నమ్మడం కొంగకు ఒక కొత్త జీవనాన్ని అందించింది. ముసలి చేప తన కుటుంబంతో ప్రశాంతంగా జీవించగా, కొంగ తన చర్యలను మార్చుకొని మంచి మార్గాన్ని ఎంచుకుంది."
18,"దురదృష్టవశాత్తు, తోటలోకి గాలి తుఫాను వచ్చినప్పుడు, నీలిమకరందం తన నేతృత్వంలో ఉన్న పువ్వులను కాపాడింది. తోటలోని అందరూ కలిసి దానిని జాగ్రత్తగా చూసుకున్నారు. పొదలు, పెద్దగలిగిన మొక్కల తాళాలను ఉపయోగించి, పువ్వులను కట్టిపడేసింది. ఆ చర్య వల్ల, తోటలోని పువ్వులన్నీ ఒక కుటుంబంలా మారాయి. ఇతర పువ్వుల నుండి తెలివి, తెలివి మరియు సహాయంతో పువ్వులు ఒకరికొకరు చరిత్రలో నిలిచిపోయాయి. నీలిమాకరందం తన పట్ల అసూయతో ఉన్నట్లు స్పష్టం చేశాడు. తోట మాలి, దానిని ప్రత్యేకంగా పరిగణించాడు. ఆ తరువాత, మాలి తోటలోనే ప్రత్యేక స్థలంలో నాటి, పువ్వులందరినీ ఆకట్టుకుంది. ఈ సంఘటన తర్వాత, తోటకు వచ్చిన సందర్శకులు వచ్చి దానిని చూడటానికి ఆసక్తి వ్యక్తం చేశారని, అందరూ దానిని చూసి ఆదర్శంగా నిలిచారు.","అందమైన తోటలో నీలిమకరందం అనే ప్రత్యేక పువ్వు తన తెలివితేటలతో అందరినీ ఆకట్టుకుంది. తోటలోని పువ్వులన్నీ దాన్ని ఇష్టపడగా, కొన్ని దాని ప్రత్యేకతకు అసూయపడేవి. కానీ ఒకరోజు, గాలి తుఫాను తోటలోకి ప్రవేశించి, పువ్వులను వాడిపోయే పరిస్థితిని సృష్టించింది. ఆపత్కాలంలో నీలిమకరందం తన తెలివితో తన చుట్టూ ఉన్న పువ్వులను కాపాడడం ప్రారంభించింది. అది పొదల తాళాలను ఉపయోగించి పువ్వులను బలంగా కట్టేసింది. తుఫాను తగ్గిన తరువాత, పువ్వులన్నీ సురక్షితంగా ఉండటానికి కారణం నీలిమ"
19,"సింహం తన తెలివిని ఉపయోగించి వేటాడి తినే ఆనందాన్ని పొందింది. ఒక రోజు, నక్కతో కలిసి వేటకు బయలుదేరింది. అప్పుడు నక్క తన మాటలను నమ్మి, గొర్రెలను నమ్మించి వాటి మధ్య చొరబడేలా చూసింది. గొర్రెలు వారి కొమ్మలను పోగొట్టుకోవడంలో సహాయం చేశాయి. ఈ సంఘటన తర్వాత, భీముడు తన ఆహారాన్ని సులభంగా పొందగలిగాడు. అప్పటి నుండి తెలివితో ఇతర జంతువులతో మంచి సంబంధం ఏర్పడింది. ఈ జంతువుల తెలివి అడవిలో మరింత శక్తివంతమైన జంతువులుగా ఎదిగింది. భీముడి తెలివి చాలా బాగా పనిచేసి, తెలివి మరింత బలపడింది. వీరు చిరస్మరణీయమైన జంతువుల సంరక్షకుడిగా మారి, మరింత ధైర్యవంతుడిగా ఎదిగాడు. వీరిద్దరూ కలిసి అడవిలోని అడవికి నాయకత్వం వహించి, జీవనోపాధిని మెరుగుపరిచారు.","భీముడు అనే సింహం, నక్కతో కలిసి గొర్రెల గుంపును ఓడించడానికి వ్యూహాన్ని రచించింది. గొర్రెల మీద నేరుగా దాడి చేయడం సింహం ప్రణాళికకు తగదు అని భావించి, మొదట నక్కను వారి మధ్య నమ్మకాన్ని సంపాదించమని సూచించింది. నక్క గొర్రెలను మోసపుచ్చి, తమ కొమ్మలను వదిలించుకునేలా ప్రేరేపించింది. తర్వాత, సింహం దాడి చేసి, గొర్రెలని పూర్తిగా ఓడించింది. వారి వ్యూహం ఎలాంటి ప్రతిఘటన లేకుండా విజయవంతమైంది. ఆ సంఘటన తర్వాత, నక్క కూడా సింహ"
20,"ఒక రోజు, చిలక తన చెరువును అందంగా మెరిసే ప్రదేశంగా భావించే నెమళ్ల గుంపు ఒక చిలకను దొంగిలించింది. చిలక నెమళ్లను తన చెరువుకు తీసుకెళ్ళింది. నీటి ప్రాముఖ్యతను వివరించి, చిలకతో స్నేహం ఏర్పడింది. చెరువు దగ్గర జంతువులు కలసికట్టుగా జీవించాయి. కాలక్రమేణా, జంతువుల స్నేహం మరింత బలపడింది. చెరువు పరిసరాలలో నీటి సమృద్ధి మరింత పెరిగింది. నెమల గుంపు చిలకతో కలిసి చెరువును నిర్మించి, ఆపదలోంచి బయటపడటానికి మార్గం దొరికింది. కరువు గ్రామాన్ని తాకుతూ, నీటిని సమృద్ధిగా చూసుకోవాలని సూచించింది. ఆ తర్వాత నెమళ్లు క్షమాపణ చెప్పాయి. చిలక చెరువును మళ్ళీ తాగడానికి ప్రయత్నించలేదు. ఆమె చెరువుకు తిరిగి వెళ్లగానే, అది తన ఊరిలో నీటిని అందంగా అందించింది. ఆ చెరువు నుండి నీరు తీసుకొని వచ్చే జంతువులకు మంచి ఆదాయాన్ని తెచ్చిపెట్టింది. చిలక ప్రతిరోజూ చెరువుకు తరలిస్తున్నవారిని ఆకట్టుకుంది. చెరువుకు అందరూ ఆకట్టుకున్నప్పుడు, చిలక మెరిసే చెరువును అనుసరిస్తూ వారి మనోభావాలను పంచుకున్నాయి. ఈ అనుభవం నెమళ్ల జీవితంలో శాశ్వతంగా నిలిచిపోయింది. నెమళ్లు చెరువుకు ఎప్పుడూ అందంగా జీవించేవి. అయితే, తాగడం ద్వారా జంతువులు పరస్పర స్నేహాన్ని బలపరిచాయి. చెరువు యొక్క శాంతి సామాన్యుడి నుండి రక్షణకు అనుమానం వ్యక్తం చేసినప్పటికీ, చిలక ప్రత్యామ్నాయ మార్గం చూపించి వారికి సహాయం చేయడం మొదలుపెట్టింది. దీంతో నెమళ్లు సంతోషంగా నిద్రపోయాయి.","ఒక చెరువుకి వచ్చిన చిలక, నెమళ్ల అసూయను ఎదుర్కొంది. నెమళ్ల గుంపు దానిని తిరస్కరించినప్పటికీ, చిలక ధైర్యంగా మరియు స్నేహపూర్వకంగా వ్యవహరించింది. కరువు సమయంలో నెమళ్లకు తన చెరువు గురించి చెప్పి, వాటిని రక్షించింది. చిలక చేసిన సహాయం నెమళ్ల గుంపు హృదయాలను మార్చి, వారికి క్షమాపణ చెప్పేలా చేసింది. ఆ రోజు నుండి, నెమళ్లు మరియు చిలక ఒక గొప్ప స్నేహానికి రూపుదిద్దాయి. జంతువుల కలయికతో చెరువు ఆనందకరమైన ప్రదేశంగా మారింది."
21,"లక్ష్మి అనే చిన్న అమ్మాయి తన తాతయ్యతో కలిసి అడవిలో అడుగుపెట్టేది. ఆమె తన బ్యాగులో బిస్కెట్లు, నీళ్ళ బాటిల్ పెట్టుకుని అడవిలోకి బయలుదేరింది. దారిలో రకరకాల పువ్వులు, చెట్ల ఆకుల సవ్వడి, చల్లని గాలి కనిపించాయి. ఆ తర్వాత జింక పిల్లకు సహాయం చేసింది. తల్లి జింక కూడా లక్ష్మితో స్నేహంగా ప్రవర్తించింది. ఆమె స్నేహం మరింత బలపడి, గాయం నయం అయ్యేవరకు కాపాడింది. గాయపడిన ఉడత కోలుకున్న తర్వాత, లక్ష్మి తన గాయపడ్డ ఉడతను తన చేతుల్లోకి తీసుకుంది. చెట్టు కింద కూర్చుని విశ్రాంతి తీసుకుంది. ఆ అనుభవం ఆమె జీవితంలో ఒక వింత భాగాన్ని ఇచ్చింది. లక్ష్మి ప్రతిరోజూ అడవికి వెళ్తుండేది. అడవిలో","చిన్న బాలిక లక్ష్మి యొక్క అడవి అనుభవం ఆమె జీవితాన్ని మార్చివేసిన ఒక అద్భుతమైన సంఘటన. తాతయ్య అనుమతి లేకుండా అడవిలోకి వెళ్ళిన ఆమె, అక్కడ అనేక అనుభవాలను పొందింది. ప్రకృతి అందాలను ఆస్వాదిస్తూ, పక్షుల కిలకిలారావాలు, చెట్ల సవ్వడులతో ఆమె మనసు పులకరించింది. గాయపడిన జింక పిల్లకు సహాయం చేయడం, ఉడతను కాపాడటం వంటి సంఘటనలు ఆమె జీవితంలో మధురమైన జ్ఞాపకాలుగా మిగిలిపోయాయి. అడవి జంతువుల స్నేహం ఆమెకు కష్టసమయంలో తోడ్పడింది. దా"
22,"ఒక ఎండాకాలంలో, కాకి ఒక రాళ్లను కుండలో వేసి నీటిని పొందింది. ఆ సమయంలో, కాకి తన తెలివిని మెచ్చుకుంది. చిలుక కాకి నుండి నేర్చుకున్న విధానాలను ఇచ్చింది. ఈ విలువైన దృశ్యం అడవిలోని పక్షులకు గురువు అయ్యింది. కానీ అన్ని పక్షులకు సమస్యలను పరిష్కరించే విధానాలు నేర్పించింది. ఈ విధానాలు కాకి జీవితంలో ఉన్న అద్భుతమైన జిజ్ఞాసతో సఫలమయ్యాయి. కానీ కాకి కాలక్రమేణా నీటి కొరత పెరిగింది. నీటి మట్టం మరియు తెలివితేటలు కాకి వల్ల సాధించిన విజయం అయింది. కాకి ప్రతి రాత్రి కుండలో నీటిని తాగడం మొదలుపెట్టింది. ఇది కాకి చేసిన తెలివి అందరికీ ఆదర్శంగా నిలిచింది. దీంతో కాకి అనేక పక్షులకు సహాయం చేయడం ప్రారంభించింది. కానీ ఆ","ఎండాకాలంలో దాహంతో ఉన్న ఒక కాకి నీటి కోసం వెతుకుతూ ఉంది. దానికి ఒక కుండలో నీరు కనిపించింది, కాని అది చాలా లోతుగా ఉంది. కాకి తన తెలివితేటలతో రాళ్లను వేసి నీటిని పైకి తెచ్చుకుంది. ఈ సంఘటనను చూసిన చిలుక కాకి తెలివిని మెచ్చుకుంది. ఈ విషయం అడవి అంతటా వ్యాపించింది. కాకి అన్ని పక్షులకు సమస్యల పరిష్కార మార్గాలు నేర్పించింది. కాకి తెలివితేటలు దానిని అడవి గురువుగా మార్చాయి. కాకి ఎదుర్కొన్న సమస్యను ఓపికగా పరిష్కరించుకుంది. దాని పట్టుదల మరియు తెలివి"
23,"జింక, ఎలుక మరియు కోతి సహాయంతో సింహం తన తప్పును తెలుసుకుంది. గర్వాన్ని విడిచిపెట్టి, చిన్న జంతువులను రక్షకుడిగా మారింది. ఇతర జంతువులు దానిని మంచి స్నేహితుడిగా గుర్తించాయి. సింహం యొక్క పరిస్థితి అందరికీ తెలియజేస్తుంది. దాని మార్పు అడవిలో శాంతియుతంగా జీవించడం ద్వారా సింహం స్వభావం మరింత బలపడింది. దాని విలువను అర్థం చేసుకోవడానికి చిన్న జంతువుల సహాయం చేయడం ప్రారంభించింది. కుందేలు చెట్ల నుండి ఆకులను తొలగించి, తిరిగి ఇచ్చే ఆహారాన్ని సేకరించేది. జింక తన పొరపాటును గ్రహించి, వాటిని తన శరీర లక్షణాల గురించి తెలుసుకుంది. చివరికి అది తన తప్పును దానికి పరిష్కారం చేసింది. తర్వాత సింహం కొత్త దృక్పథంలో తన ప్రవర్తన మార్చుకుంది.","బలమైన సింహం ఒకటి గాయపడి నిస్సహాయంగా మారింది. దానికి ఒక కుందేలు మరియు దాని స్నేహితులు సహాయం చేశారు. చిన్న జంతువులు కలిసి సింహాన్ని కాపాడాయి. సింహం తన గర్వాన్ని విడిచిపెట్టి, వారి సహాయాన్ని అంగీకరించింది. ఈ అనుభవం సింహం స్వభావాన్ని మార్చివేసింది. అది ఇక చిన్న జంతువులను వేటాడకుండా వాటికి రక్షకుడిగా మారింది. సింహం మార్పు అడవిలో శాంతిని నెలకొల్పింది. చివరికి అన్ని జంతువులు సంతోషంగా జీవించాయి. సింహం కఠిన పరిస్థితుల్లో నేర్చుకున్న పాఠం దాని"
24,"సింహం తన తెలివితో అన్ని జంతువులని మోసం చేసేది. ఒక రోజు అది సింహాన్ని మోసం చేయాలని అనుకుంది. నక్క తన అహంకారాన్ని చూసి నవ్వుకుని, దాన్ని పరీక్షించేందుకు మూడు పరీక్షలు పాస్ కావాలని సూచించింది. మొదట నక్క చిరుతపులిని ఓడించింది. చిరుతపులి భయంతో పారిపోగా, నక్క బురదని ఔషధం పూసించింది. కానీ నక్క గర్వంగా ప్రవర్తించడం మొదలుపెట్టింది. కోతులు నక్కని తరిముకుంటూ వెళ్లే స్వభావం పెంచాయి. కోతులు ఇంకా నక్కని మోసం చేయడం మొదలుపెట్టారు. ఇది అసలు విషయం అర్థమైంది - తన తెలివి మరియు చాతుర్యంతో అహంకారం పెరిగిపోయింది. నక్క ఎప్పుడూ తెలివైనవాడే కానీ తెలివి మరింత విస్తరించింది. దీంతో నక్క తన ప్రవర్తన మార్చుకుంది. కోతులు నేరుగా నక్కని ఎదుర్కొనడానికి ప్రయత్నించినప్పటికీ, అది విఫలమైంది. కానీ చివరికి అహంకారి నక్క తన తెలివిని ఉపయోగించి మళ్ళీ పరీక్షలు నిర్వహించేది. అహంకారం మరింత బలపడింది. నక్క క్రూరంగా మారింది. తన తప్పు తెలుసుకుని కోతులను మోసం చేసి వారిని నాశనం చేస్తుంది. కోతులు ఏమైనా తెలివి చూసి అసంతృప్తి చెందలేదు. ఇతర జంతువులతో సహా అడవిలోని జంతువుల సంరక్షకురాలిగా మారింది. చివరికి నక్క తన తప్పును తప్పుగా గ్రహించి వారిని మోసం చేస్తూ వారి అహంకారం దెబ్బతినేలా అయ్యింది. ఈ అనుభవం నక్క జీవితంలో పతాక మార్పులు చేశాయి. నక్క మారిన తీరుని చూసి భయపడింది. కోతులు కూడా నక్కని సమాచారం ఇచ్చి జ","అహంకారంతో నిండిన నక్క తన తెలివితేటలతో అన్ని జంతువులను మోసం చేస్తుంది. సింహం ముందు తనను మంత్రిగా నియమించమని అడిగిన నక్క, సింహం మూడు పరీక్షలు పెట్టింది. మొదట, నక్క అన్ని జంతువులను అబద్ధాలు చెప్పి సమావేశపరచింది. తర్వాత, ఏనుగును మోసం చేసి, చిరుతపులిని బురద పూసి మోసగించింది. అయితే, తన గర్వం పెరిగిపోయినప్పటికీ, సింహం నక్కను హెచ్చరించింది. నక్క మరింత అహంకారంగా ప్రవర్తించసాగింది. చివరికి కోతులతో అహంకారంగా మాట్లాడి"
25,"వాళ్ళిద్దరూ ఒకే వీధిలో నివసించేవారు, కానీ మొదట్లో ఒకరితో మాట్లాడేవారు కాదు. ఒక రోజు, వర్షం వచ్చినప్పుడు, ఒక పెద్ద కుక్క దానిని వెంటాడింది. చిట్టి భయంతో పరుగెత్తుతూ, తన యజమానిని ఇంటికి తీసుకెళ్ళింది. టామీ తన చెట్లపై ఎక్కి, తన ఎముకను చిట్టితో పంచుకునేది. వాళ్ళ స్నేహం కాలక్రమేణా బలపడింది. చలికాలంలో గొడుగు కింద నడిచేవారు. వేసవిలో చెట్ల నీడలో విశ్రాంతి తీసుకునేవారు. వర్షాకాలానికి ముందే కలిసి ఒకే గదిలో నిద్రపోయేవారు. తిరిగి వస్తువులతో కలిసి సంతోషంగా జీవించేవారు. ఒకరికొకరు సహాయపడుతూ, స్నేహం యొక్క విలువను నేర్పించారు. చిట్టి, టామీ మంచి స్నేహితులయ్యారు. వారి స్నేహం ఇతర జంతువులకు కూడా ఆదర్శంగా నిలిచింది.","ఒక చిన్న గ్రామంలో చిట్టి అనే పిల్లి, టామీ అనే కుక్క నివసించేవి. మొదట్లో వాళ్ళు ఒకరితో ఒకరు మాట్లాడుకునేవారు కాదు. ఒక రోజు ఒక పెద్ద కుక్క చిట్టిని వెంటాడినప్పుడు, టామీ దానిని కాపాడింది. ఆ సంఘటన తర్వాత వారిద్దరూ మంచి స్నేహితులయ్యారు. వారు ఆహారాన్ని పంచుకుని, ఒకరికొకరు సహాయం చేసుకునేవారు. చిట్టి చెట్లపై ఎక్కి టామీకి ఆహారం కనిపెట్టేది, టామీ తన బలంతో చిట్టిని రక్షించేది. ఒకసారి యజమాని చిట్టిని దూరంగా తీసుకెళ్ళాలనుకున్నాడు, కానీ చిట్టి వెళ్ళడానికి ని"
26,"సాహసి అడవిలో బలంగా, ధైర్యంగా కనిపించకుండా అందరికీ ఎగతాళి చేసేది. చిన్న జంతువులతో స్నేహంగా ఉండి, వాటితో ఆడుకునేది. అగ్ని ప్రమాదం సమయంలో చిన్న జంతువులను కాపాడింది. దాని శరీరం మంటలకు కాలిపోతున్నా లెక్కచేయలేదు. ఇది కూడా సింహాల కంటే ధైర్యవంతుడిగా మారింది. అడవికి నాయకుడిగా మారిన సాహసి, అన్ని జంతువుల మధ్య స్నేహం ఏర్పడింది. దాని మృదువైన స్వభావం, దయగల హృదయం అందరికీ ఆదర్శంగా నిలిచింది. పెద్ద జంతువులు దానితో ఆడుకోవడం మొదలుపెట్టాయి. సాహసి చేసిన మంచి పనులే ముఖ్యమని చెబుతూ పిలుపునిచ్చింది. హింసాత్మక స్వభావం నుండి రక్షకుని స్థాయికి చేరుకున్నాయి. చివరికి సాహసి","సాహసి అనే సున్నితమైన సింహం అడవిలో నివసించేది. అది ఇతర సింహాల లాగా కాకుండా శాకాహారిగా జీవించేది. అందరూ దానిని ఎగతాళి చేసేవారు. ఒక రోజు అడవిలో భారీ అగ్ని ప్రమాదం జరిగినప్పుడు, సాహసి తన ప్రాణాలను లెక్క చేయకుండా చాలా జంతువులను రక్షించింది. సాహసి చూపిన ధైర్యానికి అన్ని జంతువులు దానిని మెచ్చుకున్నాయి. దాని మృదువైన స్వభావం, దయగల హృదయం అందరికీ ఆదర్శంగా నిలిచాయి. అది అడవికి నాయకురాలిగా మారి, జంతువుల మధ్య"
27,"చిరుత పులి తన ఒంటరితనాన్ని చూసి మిగతా జంతువులను ఆశ్చర్యపరిచింది. చెట్టు కింద విశ్రాంతి తీసుకుంటున్నప్పుడు, కోతి పులితో స్నేహం ఏర్పడింది. వాటి స్నేహం ఇతర జంతువుల నుండి దూరంగా ఉండేది. వేటగాళ్ల వలలను తెంపివేసి సురక్షితమైన ప్రదేశానికి చేర్చింది. సమయం గడిచేకొద్దీ చిరుతపులి మరియు కోతి స్నేహం బలపడింది. చిరుత తో స్నేహం అందరితో కలిసి సంతోషంగా జీవించసాగింది. జంతువులు పరస్పర స్నేహంగా బలపడ్డాయి. వాటికి స్నేహం ఎప్పుడూ బలపడేది. చెట్లపై నుండి పళ్ళు తెచ్చి ఇచ్చింది. చివరికి కోతి ప్రతిరోజూ పులిని తన వీపు మీద కూర్చోబెట్టి వేటగాళ్ళను కాపాడింది. కోతి సహాయంతో వేటగా",ఒంటరిగా ఉన్న చిరుత పులికి కోతితో స్నేహం ఏర్పడింది. వారి అసాధారణ స్నేహం అడవిలోని జంతువులను ఆశ్చర్యపరిచింది. కోతి సహాయంతో వేటగాళ్ల నుండి తప్పించుకుంది. కాలక్రమేణా మిగతా జంతువులు కూడా చిరుత పులితో స్నేహం చేశాయి. చిరుత పులి ఒంటరితనం పోయి సంతోషంగా జీవించసాగింది.
28,"రవి అనే చిత్రకారుడు తన చిత్రాలలో ప్రాణం పోశాడు. ఒక కలలో వృద్ధుడు కనిపించి, తన భావాలను కరిగించి రంగులతో కలపాలని సూచించాడు. మొదట రవికి కల వచ్చింది, కానీ రవి ఆ మాటలను పట్టించుకోకుండా చిత్రకళ నేర్చుకున్నాడు. ఆ కళతో రవి మరింత బలపడేవాడు. అతని చిత్రాలు రాజధాని నుండి ఒక చిత్రకళా నిపుణుడిగా నియమించారు. సీతకు చిత్రకళా విద్యాలయంలో ఉపాధ్యాయురాలి ఉద్యోగం లభించింది. రవికి రాజ చిత్రకారుడిగా నియామకం వచ్చిన రవికి చిత్రకళ నేర్పించారు. వారి చిత్రాలు అందరినీ ఆకట్టుకున్నాయి. రాజధాని చిత్రకళా ప్రదర్శనానికి ఆహ్వానించి, అందరికీ ఆదర్శంగా నిలిచారు. వారు జంతువులు, కుటుంబాలు, గ్రామస్తులు, చిన్న పట్టణాల్లో చిత్రకారులుగా ఎదిగాడు. వారి చిత్రాలతో రవి ప్రేరణ పొందాడు.","పేద చిత్రకారుడైన రవి తన కళపై ఉన్న అభిమానంతో ఎన్నో ఆటుపోట్లను ఎదుర్కొన్నాడు. కుటుంబ పోషణ కోసం కష్టపడినా చిత్రకళను వదలలేదు. తన కూతురు సీతకు కూడా చిత్రకళ నేర్పించాడు. ఒక కల ద్వారా వచ్చిన సూచన మేరకు తన చిత్రాలలో ప్రాణం పోశాడు. తండ్రీ కూతుళ్ల కళా ప్రతిభ చివరికి గుర్తింపు పొంది, వారి జీవితాలు మారాయి. రవి రాజ చిత్రకారుడిగా, సీత చిత్రకళా ఉపాధ్యాయురాలిగా ఎదిగారు. వారి కళా ప్రతిభ దేశమంతటా వ్యాపించింది. నిరంతర కృషి, కళపై అభిమానం, కుటుంబ సహ"
29,"పూర్వం ఒక చిన్న గ్రామంలో రాము నివసించే పేద రైతు ఒక పాడుపడ్డ ఇంట్లో నివసించేవాడు. ఒక రాత్రి, అతను దారిలో తెల్లని ఆకృతిని చూసి భయపడ్డాడు. ఆ ఆకృతి అతన్ని తన పాత ఇంటివైపు నడిపించింది. ఆ ఇంట్లో పెద్ద పెట్టె నిండా బంగారం దాచాడు. ఆ డబ్బులో సగం డబ్బును గ్రామంలోని పేదలకు దానం చేస్తూ పాఠశాల నిర్మించాడు. కొన్ని నెలల తర్వాత నిధి మళ్ళీ కనిపించింది. ఆ తర్వాత రాము తన కోరికను నెరవేర్చాడు. ఈ అనుభవం అతన్ని తన ఊహాశక్తిని తెలియజేస్తుంది. రాము తన చిన్న ఇంట్లో మంచివాడివి, కష్టజీవివి అని నిధి అని పేరు పెట్టాడు. ఆమె ముఖంలో చిరునవ్వు కనిపిస్తోంది. రాము ప్రతి రాత్రి తవ్వి, పాత ఇంటికి తిరిగి వెళ్లే వ్యక్తిగా మారాడు. అతను పేదలకు అన్నదానం చేయడం మొదలుపెట్టాడు. కొంతకాలం గడిచాక, ఇల్లు పాడుబడి ఉంది. కొద్ది రోజులు గడచిన తరువాత రాము కొత్త పొలం కొన్నాడు. గ్రామంలో పాతిక ఆకృతి ద్వారా రాముకు సహాయం చేస్తూ గ్రామానికి తిరిగి వెళ్లాలని సూచించింది. కొంత కాలానికే ఆయనకు జంతువులు మెరుగుపడుతూ, సమాజానికి మేలు చేయడం ప్రారంభిస్తాడు. రాము వాగ్దానం చేసి, డబ్బుతో గ్రామస్థులందరికీ అన్నదానం చేస్తూ, వారి జీవితాలను మెరుగుపరిచాడు. గ్రామస్థుల నుండి జాగ్రత్తలు తీసుకోవాలని రాము కోరుకున్నాడు. ఈ విలువైన వారసత్వాన్ని నిధి ఉపయోగించి స్వేచ్ఛను పొందాడు. ఈ","నిధి అనే దెయ్యం ఒక పేద రైతు రాముకి కనిపించి, దాచిన నిధిని గురించి చెప్పింది. ఆమె మంచి మనసుతో రాముని ఎంచుకుంది.రాము దెయ్యానికి భయపడినప్పటికీ, దాని మాటలు విని ధైర్యం చేశాడు. నిధి చెప్పిన ప్రకారం బంగారం దొరికింది.రాము తన వాగ్దానం ప్రకారం సగం డబ్బును పేదలకు పంచిపెట్టాడు. మిగిలిన దానితో తన జీవితాన్ని మెరుగుపర్చుకున్నాడు.నిధి దెయ్యం రాము మంచితనాన్ని పరీక్షించి, అతన్ని ఆశీర్వదించింది. దీనివల్ల ఆమెకు కూడా శాంతి"
30,"నీటి బొట్టు మేఘం నుంచి నేలమీదకి పడింది. ఆ మొక్క తన కథ చెప్పి, సూర్యుని వైపు చూస్తూ పెరుగుతుందో చెప్పింది. మొక్క తన ప్రయాణ కథలతో పంచుకుంది. ఎన్నో రోజుల తర్వాత మళ్ళీ అదే మొక్క దగ్గరికి వచ్చేది. నీటి బోట్టు మొక్కతో స్నేహం చేసింది. మేఘాలు కొత్త స్నేహితులయ్యాయి. వాటి స్నేహం మళ్ళీ మొక్కకు వస్తువుగా మారింది. ఈ విలువైన వారసత్వాన్ని ఉపయోగించి మొక్కను రక్షించింది. మొక్క పెద్దగా పెరిగి చెట్టుగా మారింది. నీటి- చెట్టు మధ్య స్నేహం శాశ్వతంగా మారింది. ఇలా ఒకరినొకరు కొత్త అనుభవాలను తెలుసుకుంది. మొక్క కొత్త అనుభవాలను పంచుకునేది. తాజా స్నేహం ద్వారా మొక్క స్పూర్తితో వివిధ ప్రదేశాల గురించి తెలుసుకుంది. మనోభావాలు, అనుభవాలు మొక్కతో పంచుకున్నాయి. నీటికి మంచి స్నేహితురాలు కావడం మొదలుపెట్టింది. మొక్క నిజమైన స్నేహాన్ని చూసి ఇతరులతో కలిసి ప్రపంచమంతా తిరిగింది. మేఘాల స్నేహం మరింత బలపడి, చెట్టు నుండి విలువైన మార్పులు తీసుకువస్తాయని నిరూపించింది.",మేఘం నుండి ఒక చిన్న నీటి బొట్టు నేలమీద ఉన్న మొక్క మీద పడింది. నీటి బొట్టు మొక్కతో స్నేహం చేసింది. సూర్యుని వేడికి నీటి బొట్టు ఆవిరై మేఘాలతో కలిసిపోయింది. మేఘాలతో కలిసి ప్రపంచమంతా తిరిగి మళ్ళీ వర్షం రూపంలో మొక్క దగ్గరికి వచ్చింది. ప్రతిసారి వచ్చినప్పుడు తాను చూసిన కొత్త ప్రదేశాల గురించి మొక్కతో పంచుకునేది. కాలక్రమేణా మొక్క పెద్ద చెట్టుగా మారింది. నీటి బొట్టు ప్రయాణాలు కొనసాగుతూనే ఉన్నాయి కానీ తన స్నేహితుడైన చెట్టును మరచిపోలేదు. వారి స్నేహం
31,"పిల్లలందరూ వయొలిన్ వాయిస్తూ ఆనందంగా గడిపేవారు. ఒకరోజు పట్టణంలో విద్యుత్ సరఫరా నిలిచిపోయింది. పిల్లలంతా భయంతో ఆమె చుట్టూ చేరి దీపాల నృత్యాన్ని చూసి ఆనందించారు. సునీత తన ప్రతిభను గుర్తించి, వారిని ప్రోత్సహించింది. ప్రజలు వారి సంగీతంతో అందరి జీవితాల్లో వెలిగు నింపారు. వారికి సంగీతం నేర్పడం మొదలుపెట్టింది. దీపాలు ఇతరులతో కలిసి ఒక చిన్న సంగీత బృందాన్ని ఏర్పాటు చేశారు. చివరికి బాలులందరూ వాయిస్తుంటే దీపాలు అద్భుతమైన నృత్యం చేస్తాయి. పట్టణం అందరికీ ఆదర్శంగా నిలిచింది. దాని కాంతితో పట్టణం అంతా వారి జీవితాల్లో ఆనందాన్ని నింపింది. వారు తమ ఊహాశక్తిని ప్రదర్శించి, ఆమె ప్రతిభను చూపించి ప్రోత్సహించారు.","సునీత అనే బాలిక వయొలిన్ వాయించినప్పుడు దీపాలు నృత్యం చేసేవి. ఒకరోజు పట్టణంలో విద్యుత్ సరఫరా నిలిచిపోయినప్పుడు, ఆమె సంగీతంతో దీపాలు వెలిగి నృత్యం చేశాయి. సునీత పిల్లలందరికీ సంగీతం నేర్పి, ఒక సంగీత బృందాన్ని ఏర్పాటు చేసింది. వారి సంగీతానికి దీపాలు అద్భుతమైన నృత్యం చేస్తూ పట్టణాన్ని వెలిగిస్తున్నాయి. సునీత సంగీతం ద్వారా అందరి జీవితాల్లో ఆనందాన్ని నింపింది. ప్రజలు వారి ప్రతిభను గుర్తించి ప్రోత్సహించారు."
32,"రామన్న అనే రైతుకు పక్క పొలం ఉండేది. అతను ఎప్పుడూ పచ్చగా, సస్యశ్యామలంగా ఉండేది. ఒక రోజు రాత్రి దొంగలు అతని పొలాన్ని సాగు చేసుకున్నాడు. అప్పుడు రామన్న పొలం చుట్టూ చెరువు తవ్వి, పురుగుమందులు తయారు చేసి పంటకు రక్షణ కల్పించాడు. ఆ పద్ధతి చూసి ఊరి రైతులందరూ ఆశ్చర్యపోయారు. రామన్న తన అనుభవాలను ఇతర రైతులతో పంచుకున్నాడు. పక్కపొలాల రైతులు అతన్ని అభినందించారు. ఆ రైతులు తన పిల్లలకు వ్యవసాయ పద్ధతులు నేర్పించాడు. వర్షాలు సరిగ్గా కురవలేదు, కానీ రామన్న పొలాన్ని దొంగలు పట్టుకోవడం మొదలుపెట్టాడు. దాొంగలు రాగానే గంటల చప్పుడుతో మేల్కొన్నాడు. ఊరి ప్రజలను పిలిచి దొంగలను పట్టుకున్నాడు. ఈ పద్ధతి ద్వారా పంటకు పురుగులు పట్టడంలో రాజుకు సహాయం చేశాడు. ఆకులు రక్షించి, పురుగుమందులతో రక్షించాడు. పక్షుల కిలకిలారావాలు వినిపించేవి. ప్రతి పంట కోతల సమయంలో పక్షులకు పురుగులు పడకుండా, చెట్లపై పక్షులు గూళ్ళు కట్టుకుని పురుగులను తినకుండా, వాటి నుండి రక్షణకు దారి చూపాడు. ఊరులోని రైతులకు కూడా ఆదర్శంగా నిలిచాడు.","చిన్నదైన చిట్టి ఉడత అడవిలో సంతోషంగా జీవించేది. ఒక రోజు అడవిలో పెద్ద అగ్ని ప్రమాదం సంభవించినప్పుడు, చిట్టి తన చిన్న తోకతో నీళ్లు తెచ్చి మంటలను ఆర్పడానికి ప్రయత్నించింది. మొదట్లో జంతువులు దాన్ని ఎగతాళి చేసినా, చిట్టి ధైర్యం చూసి అవి కూడా సహాయానికి ముందుకొచ్చాయి. పక్షులు, ఏనుగులు, కోతులు అన్నీ కలిసి మంటలను ఆర్పివేశాయి. చిట్టి చూపించిన సాహసం, ధైర్యం వల్ల అది అడవి జంతువులన్నింటికీ స్ఫూర్తిదాయకమైన నాయకురాలిగా మారింది. అడవి జంతువు"
33,"రైతు కుటుంబానికి నెమలి సహాయం చేసేది. జ్వరం వచ్చినప్పుడు నెమలి రైతును కాపాడింది. రైతు ఇంటి కనుగొని అతని పరిస్థితిని చూసి నెమలి బాధపడింది. అడవిలోకి వెళ్లి ఔషధ మొక్కలను తెచ్చి రైతుకు కాపాడింది. దీంతో రైతు కోలుకున్నాడు. పాఠశాల నుండి ఆమె వచ్చి తన పిల్లలతో ఆడుకునేది. రైతులు పండుగ రోజుల్లో తమ పొలాల్లో నెమళ్ళను ఆహ్వానించారు. వారి స్నేహం నెమలికి కొత్త దృక్పథాన్ని ఇచ్చింది. ఆమె జీవిత భాగస్వామ్యంతో గ్రామంలోని రైతుల మనసులను సంతోషపెట్టేది. వర్షాకాలానికి ముందు కూడా నెమలిని సభ్యురాలిగా చేసుకుంది. ఈ నెమలి ఫలితంగా గ్రామంలో ప్రత్యేక ఆహారం పెట్టారు. ప్రజలు నెమళ్ళతో కలిసి పొలంలో కాపలా కాసేది. పక్షులు, జంతువుల నుండి పంటను కాపాడేది. రైతుల పిల్లలతో ఆడుకుంటూ వారి మనసులను స్పష్టం చేశాయి. నెమలి నృత్యం రైతుల గుంపు తిరిగి అందరూ ఆదర్శంగా తీసుకున్నారు.",ఒక నెమలి రైతుతో స్నేహం చేసి అతని పొలాన్ని కాపాడేది. రైతు అనారోగ్యంతో ఉన్నప్పుడు ఔషధ మొక్కలు తెచ్చి అతన్ని బాగుచేసింది. రైతు లేని సమయంలో పంటను రక్షించింది. దీనితో ఆ గ్రామంలో నెమళ్ళ ప్రాముఖ్యత పెరిగింది. చివరికి నెమలి రైతు కుటుంబంలో ఒక సభ్యురాలిగా మారింది. తన నృత్యంతో అందరినీ ఆనందపరిచేది. గ్రామస్థులందరూ నెమళ్ళను గౌరవించడం నేర్చుకున్నారు.
34,"వృద్ధుడు తన తప్పు తెలుసుకుని క్షమాపణ కోరాడు. చివరికి పురుషోత్తం తన తప్పు సరిదిద్దుకుని పేదవాళ్లకు సహాయం చేయడం మొదలుపెట్టాడు. తన వ్యాపారం మళ్ళీ బాగుపడింది. మంచి మనిషిగా మారినప్పుడు జీవితం మళ్ళీ బాగవుతుందని చెప్పాడు. వ్యాపారంలో నష్టాలు పెరిగిపోతున్నాయి. బ్యాంకు అప్పులు పెరిగిపోయాయి, చివరికి అతను దివాలా తీశాడు. తర్వాత పురుషోత్తాం తన తప్పును సరిదిద్దుకున్నాడు. పేదవాళ్ళకు సహాయం చేసే వ్యక్తిగా మారాడు. తన దగ్గర పనిచేసే వాళ్లకు మంచి జీతాలు ఇచ్చేవాడు. పేదవారికి సహాయం చేస్తూ సరస్వతి సంతోషించింది. వాళ్ళ జీవితం ఆనందమయం అయింది. పరస్పర అంగీకారంతో సమాజానికి సవాళ్లేవీ లేవని తెలుసుకున్నాడు. వృద్ధుని చెడు అలవాట్లను వదిలి వెళ్లిపోయారు. వారి బాధలను పరిష్కరించడానికి ప్రయత్నం చేశాడు.","పురుషోత్తం అనే ధనవంతుడు చాలా పిసినారిగా, అహంకారంతో ఉండేవాడు. పేదవాళ్లను చిన్నచూపు చూసేవాడు. ఒక రోజు ఒక వృద్ధుడు అన్నం అడగడానికి వచ్చినప్పుడు అతన్ని అవమానించాడు. ఆ వృద్ధుడు ఒక మహాత్ముడు.క్రమంగా పురుషోత్తం వ్యాపారంలో నష్టాలు వచ్చాయి. అతను దివాలా తీశాడు. చివరికి చిన్న ఇంటికి మారవలసి వచ్చింది. ఆ సమయంలో మళ్ళీ వృద్ధుడు వచ్చాడు. పురుషోత్తం తన తప్పు తెలుసుకుని క్షమాపణ కోరాడు.వృద్ధుడు ఇది అతని అహంకారానికి తగిన శాస్తి అని చెప్పాడు"
35,"రైతులకు న్యాయం కోసం పోరాడటం ఎంత ముఖ్యమో అర్థమైంది. ఒక రోజు రాము పొలంలోని కంచెను రాత్రి సమయంలో ముందుకు జరిపి, తన పొలాన్ని పెంచుకున్నాడు.గ్రామంలోని భూమి రికార్డులను తనిఖీ చేసి, పాత నక్షలను చూసి, రాముకు నష్టపరిహారం చెల్లించమని ఆదేశించాడు. జిల్లా న్యాయాధికారి సోమయ్యను కఠినంగా మందలించారు. కంచెను తిరిగి పాత స్థానంలో పెట్టమని ఆదేశించారు. రాము తన తప్పు తెలుసుకుని గ్రామంలో మళ్లీ శాంతి నెలకొంది. గ్రామంలో శాంతి నెలకొన్నప్పుడు, సోమయ్య ప్రత్యామ్నాయ ప్రతిభను గుర్తించి, గ్రామానికి న్యాయం చేయాలని పిలుపునిచ్చింది. గ్రామస్తులు వచ్చి న్యాయం కోరినా న్యాయం చేసినా, రాము పట్టుదలగా ఉన్నాడని స్పష్టం చేశాడు. ఈ సంఘటన తర్వాత రాము మరింత ధైర్యవంతుడిగా మారాడు.","ఒక పేద రైతు రాము తన పొలం కంచెను దొంగతనంగా మార్చిన ధనవంతుడు సోమయ్యతో పోరాడిన కథ ఇది. గ్రామ పెద్దలు సోమయ్య వైపు మొగ్గు చూపినప్పటికీ, రాము ధైర్యంగా జిల్లా న్యాయాధికారి వద్దకు వెళ్లాడు. న్యాయాధికారి స్వయంగా గ్రామానికి వచ్చి విచారణ జరిపి, సోమయ్య తప్పును నిరూపించారు. సోమయ్య చివరికి తన తప్పును ఒప్పుకుని, కంచెను సరిచేసి, నష్టపరిహారం చెల్లించాడు. రాము ధైర్యం, న్యాయం కోసం పోరాటం గ్రామస్తులందరికీ ఆదర్శంగా నిలిచింది. సోమయ్య మనసులో మార్పు వచ్చి మంచి మనిష"
36,"కాకికి చిన్న పిల్లలు ఉండేది. ఒకరోజు అది తన స్నేహితురాలైన నక్కతో తన బాధను పంచుకుంది. నక్క రాజభవనంలో తన నగలను ఎగురుకుపోయి పామును చంపేసింది. ఆ తర్వాత కాకి తన తెలివితేటలతో పాము బారి నుండి తప్పించుకుంది. పక్షులందరూ కలిసి జీవించడం మొదలుపెట్టాయి. ఆ అడవిలో పాములు సంతోషంగా గూళ్ళు కట్టుకున్నాయి. పక్షులు ఐకమత్యంతో జీవించడం నేర్చుకున్నాయి. పాములు భయంతో దూర ప్రాంతాలకు వెళ్లిపోయాయి. కానీ చివరికి పాములు తమ పిల్లలను కాపాడుకున్నాయి. కాకి తన ధైర్యంతో పామును చంపి పామును కాపాడుకుంది. తన అనుభవాన్ని మిగతా పక్షులతో పంచుకుని పాము కుటుంబానికి శాశ్వత విముక్తి లభించింది. పాము కాలం గడిచాక, పాము మరింత సంతోషంగా జీవించడం నేర్చుకుంది. చివరికి అడవికి కాకి నాయకత్వంలో పునర్నిర్మాణానికి దారి తీసింది.","ఒక తెలివైన కాకి చెట్టుపైన నివసించేది, ఆ చెట్టు కింద ఒక పాము నివసించేది. ఆ పాము ప్రతిసారి కాకి పిల్లలను తిని వేసేది, దాంతో కాకి చాలా విచారించేది. తన సమస్యను పరిష్కరించుకోవడానికి, కాకి తన స్నేహితురాలైన నక్కను సంప్రదించింది. నక్క ఒక తెలివైన ఉపాయం సూచించింది. నక్క సలహా మేరకు, కాకి రాజభవనానికి వెళ్లి రాణిగారి నగలు తీసుకుని పాము గూళ్లో వేసింది. భటులు నగలను వెతుకుతూ పామును చంపేశారు. దాంతో కాకి పిల్లలను సంతోషంగా పెంచుకోగలిగింది.ఈ"
37,"క్రమంగా చెరువు తీరంలో ఉన్న ఒక తెలివైన కప్ప తన తెలివితేటల వలన గర్వపడుతుండేది. ఒకరోజు పావురం ముత్యాన్ని దాచినప్పుడు, కప్ప దానిని తన సొత్తుగా ప్రకటించింది. ఆ ముత్యం నాటికి మాత్రమే చెందుతుంది. ఇతర కప్పలు దాన్ని మళ్లీ చూడాలని కోరినా, కప్ప అంగీకరించలేదు. ఎలుగుబంటి బలవంతంగా ముత్యాన్ని దొంగిలించి వెళ్లిపోయింది. భయంతో కప్ప తన మిత్రులను దూరం పెట్టడం మొదలుపెట్టింది. ఈ సంఘటన ద్వారా కప్ప తన తప్పు గ్రహించింది. మిగతా కప్పలతో మాట్లాడి సహాయం కోరింది. అందరూ కలిసి ప్లాన్ వేసి, ఎలుగు బంటిని మాయ చేసి వెళ్లిపోయింది. అప్పటి నుండి చెరువు యజమాని అయిన మాయాశక్తిని ఉపయోగించి చెరువుకు చేరుకున్న కప్పను తప్పించుకోవడానికి ప్రయత్నించారు.","ఒక తెలివైన కప్ప ఒక ప్రకాశవంతమైన ముత్యాన్ని కనుగొంది, కానీ దాన్ని తన సొత్తుగా భావించి మిగతా కప్పలను దూరంగా నెట్టేసింది. ఆ ముత్యం తన గర్వానికి ప్రతీకగా మారింది. కానీ ఎలుగుబంటి దాన్ని దొంగిలించడంతో, కప్ప తన తప్పును గ్రహించింది. మిగతా కప్పల సహాయంతో ముత్యాన్ని తిరిగి తెచ్చుకుంది. తన అనుభవం ద్వారా ఐకమత్యం మరియు సహకారంపై విలువను అర్థం చేసుకుంది. చివరికి, చెరువులో కప్పలందరూ సంతోషంగా జీవిస్తూ అందరికీ కలిసి పనిచేయడం అనుభవంలోకి తీసుకురావడంలో"
38,"నక్క తన తెలివిని ఉపయోగించి ద్రాక్షపండ్లను అందుకుంది. దానికన్నా ఎత్తుగా దూకడం కోసం ప్రయత్నించింది, కానీ విఫలమైంది. ఆ ప్రయత్నంలో నక్క తన అసమర్థతను దాచుకోవడానికి ప్రయత్నించింది. తరువాత, నక్క తన తప్పును తెలుసుకుని, అవి పుల్లగా ఉన్నాయని నిందించింది. ఈ మాటలు నక్కకు అసమర్థత లేకుండా, తన కాలం వృథా చేస్తున్నట్లు అంగీకరించింది. తన తప్పు తెలుసుకుని, తన పొరపాటును దాచుకోవడానికి మరిన్ని ప్రయత్నాలు చేసినప్పటికీ, అది చేసే మంచి పనులే ముఖ్యమని అర్థం చేసుకుంది. మొదట, నక్క తాగిన ద్రాక్షతోటను దొంగిలించి, దానిని అందుకోవడం అసాధ్యమని భావించింది. తర్వాత నక్క, తన తప్పును ఒప్పుకుని, మరోసారి ఒత్తిడి చేయడం మొదలుపెట్టింది. తన ప్రయత్నాల ఫలితంగా, నక్క మరింత ప్రయత్నిస్తూ, ఎత్తుగా దూకి, తక్కువ పొడవున్న చెట్టుపై ఎక్కి, ద్రాక్ష పండ్లను అందుకోవడం సాధ్యపడలేదు. చివరికి నక్క, పుల్లగా దుస్తులు ఉన్నప్పటికీ, అది తన మిత్రులకు దూరం కావడం ద్వారా అది తన సొంత ఊరిని వదిలిపెట్టింది. ఇది తన నిజమైన మిత్రత్వాన్ని తనకు తెలియజేస్తాయి.","ఒక ఆకలితో ఉన్న నక్క ఒక ద్రాక్షతోటను చూసి ద్రాక్షపండ్లను తినాలని ఆశించింది. కానీ అవి అందుబాటులో లేకపోవడంతో, అవి పుల్లగా ఉన్నాయని నిందించింది. నక్క నిజంగా ద్రాక్షను తీయగా ఉన్నాయని తెలిసినా, తన నిరర్థకతను ఒప్పుకోలేకపోయింది. చివరకు, తన తప్పులను అర్థం చేసుకుని, తదుపరి కృషిలో సరైన వ్యూహాన్ని అనుసరించవలసిన అవసరాన్ని గ్రహించింది."
39,"సింహం తన ప్రతిష్టను గుర్తించి, అది తన ముందు నిలబడాలని సూచించింది. ఎలుక స్వభావంలో మెలకువ, సహాయంతో జీవించే స్వభావం వంటి జంతువులను ధైర్యంగా ఎదుర్కొనేది. ఒక రోజు, అడవిలో అన్ని జంతువులు దానిపై గర్వంతో ప్రకటన చేశాయి. కానీ సింహం స్వభావంలో ధైర్యం కోల్పోకుండా, తన ప్రతిష్టని గుర్తించింది. అన్ని జంతువుల మధ్య స్నేహాన్ని పెంచడం, దాని నాయకత్వంలో అనేక పరిస్థితులు ఏర్పడినాయి. అడవిలో సింహం బలశాలిగా, బలశాలిగా ఉండడం వల్ల మనం చీకటిని గెలవలేము. మన గర్వం లేకుండా, మన నాయకురాలిగా ఎదిగింది. చివరికి అడవికి కాపలాదారుగా మారడం, మన భూమిపై ప్రభావం చూపడం వల్ల సింహం ధైర్యవంతుడిగా, శక్తిమంతిగా మారింది.","సింహం తన బలాన్ని ఉపయోగించి ఇతర జంతువులను భయపెట్టి, తన గర్వాన్ని ప్రదర్శిస్తుంది. అయితే, చిన్న ఎలుక ధైర్యంతో సింహం ఎదుట నిలబడి, పెద్ద శక్తి వున్నవారికి గర్వం లేకుండా, స్నేహంగా ఇతరులను చూడాలని సూచిస్తుంది. ఎలుక తన మాటలతో సింహాన్ని ప్రభావితం చేసి, ఆతిథ్యం, గౌరవం, మరియు సహాయాన్ని ప్రదర్శించేందుకు ప్రేరణ ఇచ్చింది. సింహం చివరికి ఎలుక యొక్క మాటలను అంగీకరించి, ఇతర జంతువులకు సహాయం చేయడం మొదలుపెట్టింది."
